<?xml version="1.0" encoding="UTF-8"?>
<project-private xmlns="http://www.netbeans.org/ns/project-private/1">
    <editor-bookmarks xmlns="http://www.netbeans.org/ns/editor-bookmarks/2" lastBookmarkId="0"/>
    <open-files xmlns="http://www.netbeans.org/ns/projectui-open-files/2">
        <group>
            <file>file:/D:/Semester%204/Praktikum%20Pemrograman%20Berorientasi%20Objek/NetBeansProjects/TugasOOPdanException/nbproject/build-impl.xml</file>
            <file>file:/D:/Semester%204/Praktikum%20Pemrograman%20Berorientasi%20Objek/NetBeansProjects/TugasOOPdanException/src/tugasoopdanexception/Kubus.java</file>
            <file>file:/D:/Semester%204/Praktikum%20Pemrograman%20Berorientasi%20Objek/NetBeansProjects/TugasOOPdanException/src/tugasoopdanexception/Segitiga.java</file>
            <file>file:/D:/Semester%204/Praktikum%20Pemrograman%20Berorientasi%20Objek/NetBeansProjects/TugasOOPdanException/src/tugasoopdanexception/Silinder.java</file>
            <file>file:/D:/Semester%204/Praktikum%20Pemrograman%20Berorientasi%20Objek/NetBeansProjects/TugasOOPdanException/src/tugasoopdanexception/BangunDatar.java</file>
            <file>file:/D:/Semester%204/Praktikum%20Pemrograman%20Berorientasi%20Objek/NetBeansProjects/TugasOOPdanException/src/tugasoopdanexception/Persegi.java</file>
            <file>file:/D:/Semester%204/Praktikum%20Pemrograman%20Berorientasi%20Objek/NetBeansProjects/TugasOOPdanException/src/tugasoopdanexception/PersegiPanjang.java</file>
            <file>file:/D:/Semester%204/Praktikum%20Pemrograman%20Berorientasi%20Objek/NetBeansProjects/TugasOOPdanException/src/tugasoopdanexception/BangunRuang.java</file>
            <file>file:/D:/Semester%204/Praktikum%20Pemrograman%20Berorientasi%20Objek/NetBeansProjects/TugasOOPdanException/src/tugasoopdanexception/Balok.java</file>
            <file>file:/D:/Semester%204/Praktikum%20Pemrograman%20Berorientasi%20Objek/NetBeansProjects/TugasOOPdanException/src/tugasoopdanexception/Main.java</file>
            <file>file:/D:/Semester%204/Praktikum%20Pemrograman%20Berorientasi%20Objek/NetBeansProjects/TugasOOPdanException/src/tugasoopdanexception/Lingkaran.java</file>
        </group>
    </open-files>
</project-private>
